id,status,description
175a3c55-670b-448f-8c1e-6e83e5cb2a62,in_progress,Call 1
225a064f-41b2-4059-a55a-a228d3411f75,in_progress,Call 2
6b96663d-cfab-4a1f-ae5e-ec200110bb7a,done,Call 3
87167483-e136-459a-87ec-534deff758a4,done,Call 4
776d4d5e-3e01-4f6a-bbb6-53f4f39fa3ea,done,Call 5
6c11b1b7-58fe-40a3-9c2e-bc88186aa916,done,Call 6
d32f8a58-b9ec-4b2d-9642-dd1ea411341f,done,Call 7
f8b9276c-1766-4ed0-8d8e-04bdb975af4e,done,Call 8
d91ddeda-cbea-44eb-8f06-93b5bb44455b,done,Call 9
fa22f62f-4eed-4d12-88eb-88461b2d8209,done,Call 10
3beee401-7adc-4038-8526-d556a4929d5c,done,Call 11
05567003-1a44-4ff3-8fc0-96be2df6d1ef,done,Call 12
7014a6cf-af8a-478a-b976-c4c80b0bfea0,in_progress,Call 13
a6902a65-4ead-4e11-97e9-debb8ee95f9b,pending,Call 14
898a388a-e7bd-469f-ba65-aeced7d8cd23,pending,Call 15
b00a4758-67ac-4d99-92ed-e1c638f79494,pending,Call 16
dac43ab4-6c8d-4700-ba6d-4037d5fd21ff,pending,Call 17
33bd485e-d3b6-4ea6-adb0-bc27bb989b55,pending,Call 18
ffe3e75f-8aaa-4e40-b766-2ec0e40d5d67,pending,Call 19
bd23aa14-ef25-4ebd-aa8c-746f176f4c2e,pending,Call 20
bdceb6b7-dcff-48bc-9397-9a58c0c21c00,pending,Call 21
7a185772-88ed-4121-900d-95b9e1a39a2f,pending,Call 22
3ca4f924-8f6f-452d-ae79-698050a024f9,pending,Call 23
c3f60429-2c34-49c0-a6f0-55faa576b98a,pending,Call 24
2806101e-767b-425e-a06b-0814713656b4,pending,Call 25
8342cb29-97a4-4e34-868e-9a7017afbe31,pending,Call 26
12cadb4b-4b2c-4f54-94d7-6743c1bf1c5f,pending,Call 27
a92faa95-045d-4684-be23-b3cfd737c5ad,pending,Call 28
ba479e32-a609-4305-bc34-2732284be590,pending,Call 29
6a79b391-6038-4696-a47b-6be5957902ab,pending,Call 30
785830e9-4222-4b36-a27b-32650cf5ebdc,pending,Call 31
c71ae309-51ab-4ef6-a254-1eaafb159ee6,pending,Call 32
cd6e60bc-4a3d-4a0b-809f-edcf41937d21,pending,Call 33
d3838cee-a1a0-43b3-97af-1ba4ea8aa0ee,pending,Call 34
b5498ac1-28ae-403c-a238-6ef7dfa76ec0,pending,Call 35
8a0393b2-6bc5-4bb9-bf8c-07ab24de5b5c,pending,Call 36
de7b99f3-b560-4040-88fd-141379e0c0b9,pending,Call 37
72e92fdc-a38e-40d1-8a03-0ce8619cdf09,pending,Call 38
1a0d4fac-977d-4cfc-a906-c965db1ea057,pending,Call 39
f96c17f9-c4f6-4fb9-9a12-c4eaee564c31,pending,Call 40
2f4e673f-d6a1-4f42-804a-676ab925662d,pending,Call 41
67f184fe-845b-49c3-9bc2-766623b1a5a7,pending,Call 42
f43e9e74-97d5-4114-ab59-234f466a387e,pending,Call 43
579a90ad-8b45-49ad-9f8d-63df8f47f274,pending,Call 44
e9fa4673-7630-443f-9dd0-57c4cb1f769c,pending,Call 45
841ce481-85b1-4410-a08c-255cf4e13103,pending,Call 46
c4eb63ff-5be3-4853-b252-62f2c515f401,pending,Call 47
dab35a79-1455-48ca-86be-fe92357e2985,pending,Call 48
48f53f84-ac72-441a-9005-8094cd1e249e,pending,Call 49
57d7718a-4727-4e18-9418-625e1a74044c,pending,Call 50
b279cbcd-497e-4a02-b0ae-29fd33be3222,pending,Call 51
8110a82c-18e8-422c-905c-c6673aab691b,pending,Call 52
4978a037-b8c0-4601-be9e-268273194a30,pending,Call 53
977697c0-7b90-4ff7-97fc-53b5f0196ad2,pending,Call 54
775264b5-d8c1-4e8e-bf31-55b3a68c748a,pending,Call 55
26e04640-d6ce-456e-a937-f2a127475018,pending,Call 56
35b9644c-4119-4d56-b1c6-0aae76e3af42,pending,Call 57
e16e37ab-ad42-41f0-99fc-e4c4953cb3ae,pending,Call 58
7de89bf1-99eb-4ea0-8f81-229431e6cb93,pending,Call 59
97b33d60-f8b1-4ced-93a8-9ed607502eb7,pending,Call 60
88473dc6-cc58-4720-aca1-a7b7179c8930,pending,Call 61
f13a074a-bc63-454f-84e9-20833e2fe2c4,pending,Call 62
1728ff0d-dd9f-403e-a6f1-1fc4f8f5f024,pending,Call 63
6b3c1125-f95b-4f75-a2fb-3276a50087ab,pending,Call 64
91d32765-96d1-45f6-ac85-87fd63aa5a8e,pending,Call 65
5ef674c6-9d58-4502-ae7e-eabbe049fad0,pending,Call 66
050d7b45-77a0-4ab6-92c2-01eb4a3b913f,pending,Call 67
8525beae-47e6-4481-9eb3-1aee8e4f9735,pending,Call 68
4319c33b-34d5-4a59-ad99-69411371cbe9,pending,Call 69
33b02219-4bc1-4a53-adda-bf2fe0baefda,pending,Call 70
60e9ff47-bada-4601-a6b2-ce6309e10075,pending,Call 71
dde02d60-91f4-4e37-b2c1-ed7cf9978a23,pending,Call 72
48a817eb-0594-4fd5-84e4-886a59d60086,pending,Call 73
7a9e0d7c-65c9-4a8f-aa72-ba0bf466d163,pending,Call 74
095ee331-7fa9-47b5-b575-280aa7d64374,pending,Call 75
f4f92cde-6994-49dc-8d52-427e6bccec7c,pending,Call 76
c3e3b067-fdc4-4824-a53a-c8dfd0ba7e73,pending,Call 77
f15f17bf-bb51-4baa-8024-279418d3e6bb,pending,Call 78
ce7d98b9-4a3d-4a1c-9dd1-38f21097fcdf,pending,Call 79
90a054b6-f64e-4d1f-8ddb-a8a608604125,pending,Call 80
1058f51f-aabb-4f38-b491-dcee73c1a71d,pending,Call 81
a0de42f2-1e81-4576-8919-b669a3d80cec,pending,Call 82
cc264e0c-ddac-4c9f-8ee3-b550af89b051,pending,Call 83
41d88d64-9314-46a6-a850-b5ad5c710ce9,pending,Call 84
0b338666-02bf-4947-acce-318845109ed2,pending,Call 85
6db612b5-f3be-4e06-b1d7-d8bd9b650eea,pending,Call 86
7fa0d0d2-4bde-4c23-8dec-7b984c29337f,pending,Call 87
9903f1cc-49cc-4e14-bb23-1777e02ce2a1,pending,Call 88
3a06e1cf-dd4f-40bc-abef-e5c4b518bbaf,pending,Call 89
102b25a4-5c5d-46df-ae50-9c0c74c353c0,pending,Call 90
a100b085-a20d-4975-a844-81884fe82041,pending,Call 91
6458c2c1-4c27-4522-a50b-d6984db905a4,pending,Call 92
2b5ea687-671a-40d0-9f9b-7d46be58d79c,pending,Call 93
2133fbe7-16c3-4a01-b170-5f22fd0283fb,pending,Call 94
a5523aaf-9329-4b5f-94c9-7aab7b09e644,pending,Call 95
f81fc4f6-be1a-4f28-8871-3edb3142f12b,pending,Call 96
c5562373-34ee-4907-a525-0b98130d3a47,pending,Call 97
b8f29abf-bd69-400b-9cf5-919f9e5e6016,pending,Call 98
c056e219-d20d-4b24-a98f-6cb0cd0e5661,pending,Call 99
29f10358-894b-4e45-af6b-2c4f54bbd2c8,pending,Call 100
